{
    "state": "Uttar Pradesh",
    "overview": {
        "area": "243,286 km²",
        "population": {
            "estimated": "200 million",
            "density": "828 per km²"
        },
        "capital": "Lucknow"
    },
    "history": {
        "description": "Uttar Pradesh has a rich cultural history influenced by various dynasties and empires.",
        "notableEvents": [
            {
                "year": 1947,
                "event": "Uttar Pradesh became a part of the Republic of India."
            }
        ]
    },
    "culture": {
        "languages": {
            "official": "Hindi",
            "otherLanguages": [
                "Bhojpuri",
                "Urdu",
                "Awadhi",
                "Braj",
                "Kannauji",
                "Bagheli",
                "Bundeli"
            ]
        },
        "musicAndDance": {
            "description": "Uttar Pradesh is known for its classical music and dance forms.",
            "notableDanceForms": [
                "Kathak"
            ],
            "notableMusicians": [
                "Tansen",
                "Naushad Ali",
                "Begum Akhtar",
                "Ravi Shankar"
            ]
        },
        "handicrafts": {
            "description": "Uttar Pradesh is famous for its diverse handicrafts.",
            "notableItems": [
                "Pietra Dura",
                "Zari work",
                "Glass bangles",
                "Ceramics pottery"
            ]
        },
        "clothing": {
            "traditionalAttire": {
                "women": "Sari",
                "men": "Dhoti, Kurta, Sherwani"
            },
            "modernAttire": "Western-style clothing is also common."
        }
    },
    "festivals": {
        "description": "Uttar Pradesh celebrates a variety of festivals reflecting its diverse culture.",
        "majorFestivals": [
            {
                "name": "Diwali",
                "description": "Festival of lights celebrated by Hindus."
            },
            {
                "name": "Holi",
                "description": "Festival of colors celebrated in Mathura."
            },
            {
                "name": "Kumbh Mela",
                "description": "Largest peaceful gathering of human beings in the world."
            },
            {
                "name": "Eid",
                "description": "Celebrated by the Muslim community."
            }
        ]
    },
    "tourism": {
        "description": "Uttar Pradesh is a major tourist destination with significant religious and historical sites.",
        "notableSites": [
            {
                "name": "Taj Mahal",
                "description": "A UNESCO World Heritage Site and a symbol of love."
            },
            {
                "name": "Varanasi",
                "description": "A sacred city with ghats along the Ganges River."
            },
            {
                "name": "Sarnath",
                "description": "Where Gautama Buddha gave his first sermon."
            },
            {
                "name": "Fatehpur Sikri",
                "description": "A UNESCO World Heritage Site built by Mughal Emperor Akbar."
            }
        ]
    },
    "protectedAreas": {
        "description": "Uttar Pradesh has several natural protected areas.",
        "notableAreas": [
            "Dudhwa National Park",
            "Pilibhit Tiger Reserve",
            "Sandi Bird Sanctuary",
            "Katarniaghat Wildlife Sanctuary"
        ]
    },
    "architecture": {
        "description": "Uttar Pradesh is known for its historical monuments and architectural styles.",
        "notableStructures": [
            "Bara Imambara",
            "Chhota Imambara",
            "Agra Fort",
            "Buland Darwaza"
        ]
    }
}
