{
    "state": "Kerala",
    "culture": {
        "description": "The culture of Kerala has developed over the past millennia, influenced by various linguistic and religious ethnicities.",
        "languages": {
            "official": "Hindi",
            "regionalLanguages": [
                "Malayalam",
                "Tamil",
                "Tulu",
                "Khortha",
                "Nagpuri",
                "Kudmali",
                "Bhojpuri",
                "Angika",
                "Bengali",
                "Odia"
            ],
            "tribalLanguages": [
                "Mundari",
                "Santali",
                "Bhumij",
                "Ho",
                "Kurukh",
                "Malto"
            ]
        },
        "performingArts": {
            "description": "Kerala has a rich tradition of performing arts.",
            "classicalForms": [
                "Koodiyattom",
                "Kathakali",
                "Mohiniyattam",
                "Thullal",
                "Thirayattam",
                "Padayani",
                "Theyyam"
            ],
            "folkArts": [
                "Kummattikali",
                "Kannyar Kali",
                "Oppana",
                "Margam Kali"
            ]
        },
        "music": {
            "description": "Music in Kerala is characterized by both classical and folk traditions.",
            "carnaticMusic": {
                "description": "Dominated by ragas and talas, popularized by composers like Swathi Thirunal.",
                "notableFigures": [
                    "Purandaradasa",
                    "Tyagaraja"
                ]
            },
            "hindustaniMusic": {
                "description": "Karnataka has a strong presence in Hindustani music.",
                "notableMusicians": [
                    "Gangubai Hangal",
                    "Bhimsen Joshi"
                ]
            },
            "folkMusic": {
                "description": "Folk music is popular with many recorded songs.",
                "notableSingers": [
                    "B. K. Sumitra",
                    "Bangalore Latha"
                ]
            }
        },
        "literature": {
            "description": "Malayalam literature has ancient origins and has evolved over centuries.",
            "notableWriters": [
                "Thunchath Ezhuthachan",
                "Kunchan Nambiar",
                "G. Sankara Kurup",
                "M. T. Vasudevan Nair"
            ],
            "genres": [
                "Poetry",
                "Prose",
                "Drama"
            ]
        },
        "festivals": {
            "majorFestivals": [
                {
                    "name": "Onam",
                    "description": "A harvest festival celebrated with various cultural elements."
                },
                {
                    "name": "Thrissur Pooram",
                    "description": "One of the most popular temple festivals in Kerala."
                }
            ],
            "templeFestivals": {
                "description": "Unique annual festivals celebrated at various temples."
            }
        },
        "animals": {
            "elephants": {
                "description": "Elephants are integral to Kerala's culture and are featured in many festivals.",
                "population": "Approximately 700 domesticated elephants."
            },
            "snakes": {
                "description": "Nagaradhana (snake worship) is prevalent among Keralites."
            }
        },
        "cuisine": {
            "description": "Kerala's cuisine is diverse and includes a variety of dishes.",
            "stapleFoods": [
                "Rice",
                "Fish",
                "Vegetables"
            ],
            "notableDishes": [
                "Onam Sadhya",
                "Puttu",
                "Appam",
                "Dosa"
            ]
        },
        "martialArts": {
            "description": "Kalaripayattu is the indigenous martial art of Kerala.",
            "influence": "Derived from Brahminical traditions and Ayurvedic medicine."
        }
    }
}
