{
    "state": "Jharkhand",
    "culture": {
        "languages": {
            "official": "Hindi",
            "regionalLanguages": [
                "Khortha",
                "Nagpuri",
                "Kudmali",
                "Bhojpuri",
                "Angika",
                "Bengali",
                "Odia"
            ],
            "tribalLanguages": [
                "Mundari",
                "Santali",
                "Bhumij",
                "Ho",
                "Kurukh",
                "Malto"
            ]
        },
        "cuisine": {
            "stapleFoods": [
                "Rice",
                "Dal",
                "Vegetables",
                "Tubers"
            ],
            "notableDishes": [
                "Chilka Roti",
                "Malpua",
                "Dhooska",
                "Arsa Roti",
                "Pitha"
            ],
            "localDrinks": [
                "Handia",
                "Mahua"
            ]
        },
        "festivals": {
            "majorFestivals": [
                {
                    "name": "Chhath Puja",
                    "description": "Celebrated on the sixth day of the lunar month of Kartika with rituals including holy bathing and fasting."
                },
                {
                    "name": "Karam",
                    "description": "A major native harvest festival celebrated by tribal communities."
                },
                {
                    "name": "Jitia",
                    "description": "Mothers fast for the well-being of their children."
                },
                {
                    "name": "Nawakhani",
                    "description": "Celebrated after the harvest."
                },
                {
                    "name": "Sohrai/Bandna",
                    "description": "A cattle festival celebrated during Amavasya in Kartik."
                },
                {
                    "name": "Holi",
                    "description": "Spring festival celebrated with special songs and dances."
                }
            ],
            "otherFestivals": [
                "Tusu",
                "Dussehra",
                "Sarhul",
                "Baha",
                "Ashadhi",
                "Jantal",
                "Sendra"
            ]
        },
        "folkDances": {
            "description": "Various folk dances reflect the cultural identity of Jharkhand.",
            "danceForms": [
                {
                    "name": "Jhumair",
                    "description": "Performed during harvest and festival season."
                },
                {
                    "name": "Domkach",
                    "description": "A Nagpuri folk dance performed during marriage."
                },
                {
                    "name": "Paiki",
                    "description": "A martial dance performed by men."
                },
                {
                    "name": "Chhau",
                    "description": "A semi-classical dance with martial and tribal traditions."
                },
                {
                    "name": "Mundari Dance",
                    "description": "Performed by the Munda tribe during harvest."
                },
                {
                    "name": "Santali Dance",
                    "description": "Performed by the Santal tribe during harvest."
                }
            ]
        },
        "paintings": {
            "description": "Sohrai painting is performed during the Sohrai festival.",
            "style": "Various designs are painted in courtyards and on walls."
        },
        "tattoos": {
            "description": "The local tattoo tradition of Godna is an essential part of local tradition."
        },
        "cinema": {
            "description": "Jharkhand produces films in regional languages.",
            "notableFilms": [
                {
                    "name": "Aakarant",
                    "year": 1988,
                    "description": "The first feature film of Jharkhand."
                },
                {
                    "name": "Sona Kar Nagpur",
                    "year": 1994,
                    "description": "The first Nagpuri film."
                }
            ]
        }
    }
}
