{
    "state": "Odisha",
    "overview": {
        "capital": "Bhubaneswar",
        "area": "155,707 km²",
        "population": {
            "estimated": "41.96 million",
            "urbanizationRate": "51.5%"
        },
        "borders": {
            "states": [
                "West Bengal",
                "Jharkhand",
                "Chhattisgarh",
                "Andhra Pradesh"
            ]
        },
        "officialLanguage": "Odia"
    },
    "culture": {
        "visualArts": {
            "pattachitra": {
                "description": "Traditional painting based on Hindu mythology.",
                "technique": "Natural colors and traditional methods."
            },
            "otherArts": [
                "Jagannatha Temple art",
                "Sambalpuri textiles",
                "Stone utensils of Nilagiri"
            ]
        },
        "festivals": {
            "majorFestivals": [
                {
                    "name": "Ratha Yatra",
                    "description": "Annual chariot festival at Jagannatha Temple in Puri."
                },
                {
                    "name": "Makar Mela",
                    "description": "Celebrated in January, marking the harvest season."
                },
                {
                    "name": "Nuakhai",
                    "description": "Harvest festival celebrated by the people of Western Odisha."
                }
            ]
        },
        "languages": {
            "official": "Odia",
            "otherLanguages": [
                "Hindi",
                "English",
                "Bengali"
            ]
        },
        "religion": {
            "majorReligions": {
                "Hinduism": "87%",
                "Buddhism": "8.51%",
                "Islam": "2.47%"
            }
        },
        "education": {
            "literacyRate": "92%",
            "schools": {
                "total": 3894,
                "public": "42%",
                "private": "28%"
            },
            "notableInstitutions": [
                "Utkal University",
                "National Institute of Technology Rourkela"
            ]
        },
        "cuisine": {
            "description": "Rich culinary tradition with a variety of dishes.",
            "popularDishes": [
                "Rasagola",
                "Pakhala",
                "Chena Poda"
            ]
        },
        "clothing": {
            "traditionalAttire": {
                "men": [
                    "Dhoti",
                    "Kurta",
                    "Gamucha"
                ],
                "women": [
                    "Sambalpuri Sari",
                    "Shalwar Kameez"
                ]
            }
        },
        "performingArts": {
            "music": {
                "description": "Odissi music is a classical form originating from Odisha."
            },
            "dance": {
                "description": "Odissi dance is a classical dance form with a history of over 2000 years."
            }
        }
    },
    "notableFeatures": {
        "geographicalIndications": [
            "Naga Mircha",
            "Sambalpuri Saree"
        ],
        "historicalSites": [
            "Konark Sun Temple",
            "Jagannath Temple"
        ]
    }
}
