{
    "state": "West Bengal",
    "overview": {
        "area": "88,752 km²",
        "population": {
            "estimated": "91 million",
            "density": "1,029 per km²"
        },
        "capital": "Kolkata",
        "divisions": [
            "Bengal",
            "Darjeeling Himalayan hill region",
            "Duars"
        ]
    },
    "history": {
        "description": "West Bengal has a rich cultural history intertwined with Bengali literature, music, and arts.",
        "notableEvents": [
            {
                "year": 1947,
                "event": "West Bengal became part of independent India."
            }
        ]
    },
    "culture": {
        "literature": {
            "description": "West Bengal has a long tradition in Bengali literature.",
            "notableAuthors": [
                "Rabindranath Tagore",
                "Bankim Chandra Chattopadhyay",
                "Kazi Nazrul Islam",
                "Sharat Chandra Chattopadhyay"
            ]
        },
        "theaterAndFilms": {
            "description": "Bengal has a rich tradition of theater and cinema.",
            "notableTheaters": [
                "Star Theatre",
                "Rabindra Sadan"
            ],
            "notableDirectors": [
                "Satyajit Ray",
                "Ritwik Ghatak",
                "Mrinal Sen"
            ],
            "cinemaIndustry": "Tollywood"
        },
        "music": {
            "description": "West Bengal is known for its diverse music traditions.",
            "notableGenres": [
                "Baul",
                "Rabindrasangeet",
                "Nazrul Geeti"
            ],
            "instruments": [
                "Ektara",
                "Dhol",
                "Damau"
            ]
        },
        "dance": {
            "description": "Dance forms in West Bengal reflect its rich cultural heritage.",
            "notableDanceForms": [
                "Brita",
                "Gambhira",
                "Santhal Dance",
                "Chhau"
            ]
        },
        "attire": {
            "description": "Traditional attire includes Benarasi saris for women and dhoti for men.",
            "modernAttire": "Western-style clothing is also common."
        }
    },
    "festivals": {
        "description": "West Bengal is famous for its vibrant festivals.",
        "majorFestivals": [
            {
                "name": "Durga Puja",
                "description": "The biggest and most important festival in West Bengal."
            },
            {
                "name": "Kali Puja",
                "description": "A major festival dedicated to Goddess Kali."
            },
            {
                "name": "Holi",
                "description": "Festival of colors celebrated with enthusiasm."
            },
            {
                "name": "Eid",
                "description": "Celebrated by the Muslim community."
            }
        ]
    },
    "tourism": {
        "description": "West Bengal attracts a large number of tourists due to its cultural and historical significance.",
        "notableAttractions": [
            {
                "name": "Victoria Memorial",
                "description": "A prominent historical monument in Kolkata."
            },
            {
                "name": "Sundarbans",
                "description": "Home to the largest mangrove forest and Royal Bengal Tigers."
            },
            {
                "name": "Darjeeling",
                "description": "Famous for its tea gardens and scenic views."
            }
        ]
    },
    "artsAndCrafts": {
        "description": "West Bengal is known for its rich tradition of arts and crafts.",
        "notableCrafts": [
            "Patachitra",
            "Kantha embroidery",
            "Madhubani paintings"
        ]
    }
}
