{
    "state": "Gujarat",
    "culture": {
        "engagementCeremony": {
            "name": "Gol Dhana",
            "description": "A tradition during which jaggery and coriander seeds are eaten to celebrate a couple's engagement.",
            "symbolism": "Represents auspicious beginnings."
        },
        "weddingCeremony": {
            "description": "Marriage is a sacred lifelong commitment that unites two souls.",
            "parts": [
                {
                    "name": "Varghodo",
                    "description": "The wedding procession from the groom's house to the bride's house."
                },
                {
                    "name": "Swagatam",
                    "description": "Welcoming the groom and his family at the mandir."
                },
                {
                    "name": "Ganesh Puja",
                    "description": "Worship of Lord Ganesha to remove obstacles."
                },
                {
                    "name": "Madhuparka",
                    "description": "Washing the groom's feet and offering panchamrut."
                },
                {
                    "name": "Kanyadaan",
                    "description": "Giving away of the daughter by her father."
                },
                {
                    "name": "Vivaaha",
                    "description": "The sacred union of the bride and groom."
                },
                {
                    "name": "Mangal Phera",
                    "description": "Circumambulation of the sacred fire."
                },
                {
                    "name": "Saptapadi",
                    "description": "Taking seven steps together and making promises."
                },
                {
                    "name": "Mangal Sutra",
                    "description": "Tying the sacred thread around the bride's neck."
                },
                {
                    "name": "Suhaag",
                    "description": "Placing sindoor on the bride's hair."
                },
                {
                    "name": "Aashirvaad",
                    "description": "Blessings from the groom's parents."
                }
            ]
        },
        "musicAndDance": {
            "traditionalForms": [
                "Garba",
                "Dandiya Raas",
                "Tippani",
                "Padhar",
                "Sidi",
                "Dangi"
            ],
            "dandiyaRaas": {
                "description": "A romantic and energetic dance originating from the days of Lord Krishna."
            },
            "garba": {
                "description": "A graceful dance performed mainly by females in a circular formation."
            },
            "garbi": {
                "description": "Originally performed by men, now includes women."
            },
            "padhar": {
                "description": "Performed by a rural community simulating the movements of mariners."
            }
        },
        "theatre": {
            "traditionalForms": [
                "Bhavai",
                "Akhyana"
            ]
        },
        "cinema": {
            "description": "Gujarati cinema dates back to 1932 with the release of Narsinh Mehta.",
            "notableFilms": [
                "Narsinh Mehta",
                "Leeludi Dharti"
            ]
        },
        "cuisine": {
            "description": "The food served in Gujarat varies by region.",
            "notableDishes": [
                "Undhiya",
                "Kachori",
                "Dhokla",
                "Fafda",
                "Bhajias"
            ],
            "sweets": [
                "Gulab Jamun",
                "Jalebi",
                "Basundi",
                "Gajar ka Halwa"
            ]
        },
        "festivals": {
            "majorFestivals": [
                "Makar Sankranti",
                "Dance Festival - Modhera",
                "Kutch Mahotsav",
                "Bhadra Purnima",
                "Vautha Mela",
                "Shamlaji Melo"
            ]
        }
    }
}
