{
    "state": "Maharashtra",
    "culture": {
        "overview": {
            "description": "Maharashtra is the third largest state in India by land area and the second largest by population.",
            "historicalFigures": [
                "Dnyaneshwar",
                "Namdev",
                "Chokhamela",
                "Eknath",
                "Tukaram"
            ],
            "regions": [
                "Konkan",
                "Paschim Maharashtra",
                "North Maharashtra",
                "Marathwada",
                "Vidarbha"
            ]
        },
        "religions": {
            "description": "Maharashtra has a diverse religious landscape.",
            "majorReligions": {
                "Hinduism": "79.83%",
                "Islam": "11.54%",
                "Buddhism": "6%",
                "Jainism": "1.2%",
                "Christianity": "1.0%",
                "Sikhism": "0.2%"
            }
        },
        "caste": {
            "description": "The traditional caste hierarchy includes various groups.",
            "majorCastes": [
                "Brahmins",
                "Marathas",
                "Kunbis",
                "Mahars"
            ]
        },
        "attire": {
            "description": "Traditional attire includes dhoti and saree.",
            "men": "Dhoti and pheta",
            "women": "Choli and Navwri saree"
        },
        "cuisine": {
            "description": "Maharashtrian cuisine is known for its distinctive attributes.",
            "vegetarianDishes": [
                "Vada Pav",
                "Puran Poli",
                "Ukdiche Modak",
                "Sabudana Khichdi"
            ],
            "nonVegetarianDishes": [
                "Sukka Mutton",
                "Pandhra Rassa",
                "Tambda Rassa"
            ],
            "stapleFoods": [
                "Boiled Rice",
                "Bhakri",
                "Poli"
            ]
        },
        "festivals": {
            "majorFestivals": [
                {
                    "name": "Ganesh Chaturthi",
                    "description": "Celebrated for ten days with grand festivities."
                },
                {
                    "name": "Gudhi Padwa",
                    "description": "Celebrated as the first day of the Hindu year."
                }
            ],
            "otherFestivals": [
                "Banganga Festival",
                "Bhaubeej",
                "Elephanta Festival",
                "Ellora Festival",
                "Maharashtra Day"
            ]
        },
        "sports": {
            "description": "Sports play an important role in Maharashtra's culture.",
            "popularSports": [
                "Cricket",
                "Kabaddi",
                "Hockey",
                "Kho Kho",
                "Badminton"
            ]
        },
        "performingArts": {
            "description": "Maharashtra has a rich tradition of performing arts.",
            "music": {
                "description": "Lavani, Powada, and Tamasha are popular folk music forms."
            },
            "dance": {
                "description": "Folk dances include Koli, Powada, and Lavani."
            },
            "theatre": {
                "description": "Marathi theatre has a significant presence with a loyal audience."
            }
        },
        "cinema": {
            "description": "Marathi cinema is the oldest form of Indian cinema.",
            "notableFilms": [
                {
                    "name": "Shree Pundalik",
                    "year": 1912,
                    "description": "The first Marathi movie."
                },
                {
                    "name": "Raja Harishchandra",
                    "year": 1913,
                    "description": "The first indigenously made film in India."
                }
            ]
        }
    }
}
