{
    "state": "Uttarakhand",
    "overview": {
        "area": "53,483 km²",
        "population": {
            "estimated": "10 million",
            "density": "187 per km²"
        },
        "capital": "Dehradun",
        "divisions": [
            "Garhwal",
            "Kumaon"
        ],
        "districts": 13,
        "forestCover": "45.4%",
        "cultivableArea": "16%"
    },
    "history": {
        "description": "Uttarakhand has a rich history dating back to prehistoric times, with influences from various dynasties.",
        "notableEvents": [
            {
                "year": 2000,
                "event": "Uttarakhand was carved out of Uttar Pradesh."
            }
        ]
    },
    "culture": {
        "inhabitants": {
            "names": [
                "Garhwali",
                "Kumaoni"
            ]
        },
        "religion": {
            "majorReligions": {
                "Hinduism": "82.97%",
                "Islam": "13.95%",
                "Sikhism": "2.34%",
                "Christianity": "0.37%",
                "Buddhism": "0.15%",
                "Jainism": "0.09%"
            }
        },
        "languages": {
            "official": "Hindi",
            "regionalLanguages": [
                "Garhwali",
                "Kumaoni",
                "Jaunsari"
            ]
        },
        "architecture": {
            "description": "Uttarakhand is known for its traditional wooden architecture.",
            "notableStructures": [
                "Mahasu Devta Temple",
                "Rang Mahal Landhaura",
                "Solani Aqueduct"
            ]
        },
        "crafts": {
            "description": "Uttarakhand is known for its rich handicrafts.",
            "notableItems": [
                "Wood carving",
                "Garhwali Miniature paintings",
                "Aipan (Kumaoni ritual art)"
            ]
        },
        "musicAndDance": {
            "description": "Music and dance are integral to Uttarakhand's culture.",
            "notableDanceForms": [
                "Langvir Nritya",
                "Barada Nati",
                "Jhora-Chanchri"
            ],
            "popularSongs": [
                "Bedu Pako Baro Masa"
            ]
        }
    },
    "cuisine": {
        "description": "Uttarakhand's cuisine is primarily vegetarian with a focus on local grains and vegetables.",
        "popularDishes": [
            "Bal Mithai",
            "Dubuk",
            "Chains",
            "Bhatt ki Chudkani"
        ]
    },
    "festivals": {
        "description": "Uttarakhand celebrates a variety of festivals reflecting its cultural diversity.",
        "majorFestivals": [
            {
                "name": "Kumbh Mela",
                "description": "A major Hindu pilgrimage held every 12 years."
            },
            {
                "name": "Kumauni Holi",
                "description": "A unique celebration of the festival of colors."
            },
            {
                "name": "Phool Dei",
                "description": "A folk festival welcoming spring."
            }
        ]
    },
    "economy": {
        "description": "Uttarakhand's economy is primarily driven by agriculture, tourism, and hydropower.",
        "gdp": {
            "total": "₹3.78 lakh crore (US$45 billion)",
            "perCapita": "₹198,738"
        },
        "keyIndustries": [
            "Agriculture",
            "Tourism",
            "Hydropower"
        ]
    },
    "transportation": {
        "description": "Uttarakhand has a network of roads, railways, and airports.",
        "roadNetwork": {
            "totalLength": "2,683 km",
            "nationalHighways": "1,328 km"
        },
        "railways": {
            "notableStations": [
                "Dehradun",
                "Haridwar",
                "Kathgodam"
            ]
        },
        "airports": [
            "Jolly Grant Airport",
            "Pantnagar Airport"
        ]
    },
    "tourism": {
        "description": "Uttarakhand is a popular tourist destination known for its natural beauty and pilgrimage sites.",
        "notableAttractions": [
            "Char Dham",
            "Haridwar",
            "Rishikesh",
            "Kedarnath Temple",
            "Valley of Flowers National Park"
        ]
    }
}
