{
    "state": "Nagaland",
    "culture": {
        "festivals": {
            "majorFestivals": [
                {
                    "name": "Hornbill Festival",
                    "description": "A week-long festival showcasing the state's rich culture and heritage."
                },
                {
                    "name": "Sekrenyi",
                    "description": "A festival celebrated by the Angami tribe in February."
                },
                {
                    "name": "Moatsü",
                    "description": "A festival celebrated by the Ao tribe in May."
                }
            ]
        },
        "languages": {
            "official": "English",
            "majorLanguages": [
                {
                    "name": "Konyak",
                    "percentage": "12.33%"
                },
                {
                    "name": "Ao",
                    "percentage": "11.67%"
                },
                {
                    "name": "Lotha",
                    "percentage": "8.96%"
                }
            ]
        },
        "religion": {
            "majorReligions": {
                "Christianity": "87.92%",
                "Hinduism": "8.75%",
                "Islam": "2.47%"
            }
        },
        "education": {
            "literacyRate": "80.11%",
            "schools": {
                "total": 1500,
                "public": "60%",
                "private": "40%"
            },
            "notableInstitutions": [
                "Nagaland University",
                "National Institute of Technology Nagaland"
            ]
        },
        "performingArts": {
            "traditionalDances": [
                "Cheraw",
                "Khual Lam",
                "Chheih Lam",
                "Chai Lam"
            ]
        }
    },
    "geography": {
        "landscape": {
            "description": "Hilly terrain with rich flora and fauna.",
            "notableFeatures": [
                "Kohima",
                "Dimapur"
            ]
        },
        "climate": {
            "description": "Pleasant climate with significant rainfall."
        }
    },
    "economy": {
        "description": "Agriculture-based economy with a focus on horticulture and tourism.",
        "GDP": "₹12,065 crore (US$1.7 billion)",
        "povertyRate": "20%"
    },
    "tourism": {
        "description": "Nagaland is a popular tourist destination with rich cultural heritage.",
        "attractions": [
            "Hornbill Festival",
            "Kohima War Cemetery"
        ]
    }
}
