{
    "state": "Haryana",
    "overview": {
        "area": "44,212 km²",
        "population": {
            "estimated": "25.35 million",
            "density": "573 per km²"
        },
        "capital": "Chandigarh",
        "mostPopulousCity": "Faridabad",
        "financialHub": "Gurgaon",
        "administrativeDivisions": 6,
        "districts": 22
    },
    "history": {
        "description": "Haryana was carved out of Punjab on 1 November 1966 after linguistic reorganization.",
        "notableEvents": [
            {
                "year": 1966,
                "event": "Formation of Haryana as a separate state."
            }
        ]
    },
    "culture": {
        "music": {
            "description": "Haryana has a rich tradition of folk music and dance.",
            "notableGenres": [
                "Saang",
                "Raslila",
                "Ragini"
            ],
            "folkDances": [
                "Ghoomar",
                "Dhamal",
                "Jhoomar"
            ]
        },
        "cuisine": {
            "description": "Haryanvi cuisine is simple and rooted in agriculture.",
            "staples": [
                "Roti",
                "Saag",
                "Dairy products"
            ],
            "popularDishes": [
                "Baajre ki Roti",
                "Ghee",
                "Lassi"
            ]
        },
        "attire": {
            "traditional": {
                "women": "Benarasi sari, traditional dresses",
                "men": "Dhoti, Kurta, Lungi"
            },
            "modern": "Western-style clothing is also common."
        }
    },
    "festivals": {
        "description": "Haryana celebrates a variety of festivals reflecting its cultural diversity.",
        "majorFestivals": [
            {
                "name": "Holi",
                "description": "Festival of colors celebrated with enthusiasm."
            },
            {
                "name": "Diwali",
                "description": "Festival of lights celebrated by Hindus."
            },
            {
                "name": "Gudi Padwa",
                "description": "Celebrated as the New Year in Maharashtra and parts of Haryana."
            }
        ]
    },
    "economy": {
        "description": "Haryana has a well-developed economy, primarily driven by agriculture and industry.",
        "gdp": {
            "total": "₹7.65 trillion (US$90 billion)",
            "perCapita": "₹240,000 (US$2,800)"
        },
        "keyIndustries": [
            "Agriculture",
            "Information Technology",
            "Automobile"
        ]
    },
    "transportation": {
        "description": "Haryana has a well-connected transportation network.",
        "roadNetwork": {
            "totalLength": "National and state highways connect major cities."
        },
        "railways": {
            "notableStations": [
                "Ambala",
                "Hisar",
                "Rohtak"
            ]
        },
        "airports": [
            "Indira Gandhi International Airport (Delhi)",
            "Chandigarh Airport"
        ]
    },
    "religion": {
        "description": "Haryana has a diverse religious landscape.",
        "majorReligions": {
            "Hinduism": "87.46%",
            "Islam": "7.03%",
            "Sikhism": "4.91%",
            "Jainism": "0.21%",
            "Christianity": "0.2%"
        }
    },
    "languages": {
        "official": "Hindi",
        "regionalLanguages": [
            "Haryanvi",
            "Punjabi",
            "Bagri",
            "Mewati",
            "Urdu"
        ]
    }
}
