{
    "state": "Tripura",
    "overview": {
        "area": "10,491 km²",
        "population": {
            "estimated": "4 million",
            "density": "380 per km²"
        },
        "capital": "Agartala",
        "borders": {
            "north": "Bangladesh",
            "east": "Bangladesh",
            "west": "Bangladesh",
            "south": "Bangladesh"
        }
    },
    "history": {
        "description": "Tripura has a rich cultural history with evidence of habitation dating back over 385,000 years.",
        "events": [
            {
                "year": 1949,
                "event": "Tripura merged with India."
            }
        ]
    },
    "culture": {
        "languages": {
            "dominant": "Bengali",
            "indigenous": [
                "Kokborok",
                "Tripuri"
            ],
            "otherLanguages": [
                "Chakma",
                "Halam",
                "Mog",
                "Munda",
                "Kuki",
                "Garo"
            ]
        },
        "ethnicGroups": [
            {
                "name": "Tripuri",
                "populationPercentage": "16.99%"
            },
            {
                "name": "Chakma",
                "populationPercentage": "6.5%"
            },
            {
                "name": "Halam",
                "populationPercentage": "4.8%"
            },
            {
                "name": "Mog",
                "populationPercentage": "3.1%"
            }
        ],
        "clothing": {
            "description": "Traditional dresses vary among different ethnic groups.",
            "tripuriDress": "Distinct patterns and designs similar to other North-East Indian attire."
        },
        "handicrafts": {
            "description": "Tripura is known for bamboo and cane handicrafts.",
            "items": [
                "Furniture",
                "Utensils",
                "Baskets",
                "Idols"
            ]
        },
        "musicAndDance": {
            "description": "Music and dances are integral to the tribal culture.",
            "instruments": [
                "Sarinda",
                "Chongpreng",
                "Sumui"
            ],
            "dances": [
                {
                    "name": "Hojagiri",
                    "description": "Performed by the Reang community."
                },
                {
                    "name": "Goria",
                    "description": "Performed during Goria puja."
                },
                {
                    "name": "Jhum",
                    "description": "Harvest season dance."
                }
            ]
        }
    },
    "festivals": {
        "description": "Various festivals are celebrated reflecting the diverse cultures.",
        "majorFestivals": [
            {
                "name": "Durga Puja",
                "description": "Major Hindu festival celebrated in Tripura."
            },
            {
                "name": "Garia Puja",
                "description": "Represents confluence of tribal traditions."
            },
            {
                "name": "Buddhist Festivals",
                "description": "Celebrated by the Chakma community."
            }
        ]
    },
    "sculptureAndArchitecture": {
        "description": "Historic sites with stone carvings and rock sculptures.",
        "notableSites": [
            "Unakoti",
            "Pilak",
            "Devtamura"
        ]
    },
    "sports": {
        "popularSports": [
            "Football",
            "Cricket"
        ],
        "events": [
            {
                "name": "Ranji Trophy",
                "description": "Tripura participates as an eastern state team."
            },
            {
                "name": "National Games",
                "description": "Regular participant in Indian National Games."
            }
        ]
    }
}
