{
    "state": "Sikkim",
    "overview": {
        "area": "7,096 km²",
        "population": {
            "estimated": "610,577",
            "density": "86 per km²"
        },
        "capital": "Gangtok",
        "borders": {
            "north": "Tibet Autonomous Region of China",
            "east": "Bhutan",
            "west": "Koshi Province of Nepal",
            "south": "West Bengal"
        },
        "highestPeak": "Kangchenjunga",
        "nationalPark": "Khangchendzonga National Park"
    },
    "history": {
        "description": "Founded by the Namgyal dynasty in the 17th century, Sikkim became a princely state of the British Indian Empire in 1890.",
        "events": [
            {
                "year": 1975,
                "event": "Sikkim joined India as its 22nd state after a referendum."
            }
        ]
    },
    "culture": {
        "languages": {
            "official": [
                "English",
                "Nepali",
                "Bhutia",
                "Lepcha"
            ],
            "additional": [
                "Gurung",
                "Limbu",
                "Magar",
                "Mukhia",
                "Newari",
                "Rai",
                "Sherpa",
                "Tamang"
            ]
        },
        "religion": {
            "majorReligions": {
                "Hinduism": "57.76%",
                "Buddhism": "27.39%",
                "Christianity": "9.91%",
                "Islam": "1.62%",
                "Sikhism": "0.31%",
                "Jainism": "0.05%",
                "Other": "2.67%"
            }
        },
        "festivals": {
            "majorFestivals": [
                {
                    "name": "Losar",
                    "description": "Tibetan New Year celebrated with various festivities."
                },
                {
                    "name": "Tihar",
                    "description": "Hindu festival of lights celebrated in Sikkim."
                },
                {
                    "name": "Eid ul-Fitr",
                    "description": "Celebrated by the Muslim community."
                }
            ]
        },
        "cuisine": {
            "description": "Traditional cuisines incorporate local biodiversity.",
            "popularDishes": [
                "Thukpa",
                "Momos",
                "Fakthu"
            ]
        },
        "music": {
            "description": "Western rock music and Indian pop are popular, along with Nepali rock and Lepcha music."
        },
        "sports": {
            "popularSports": [
                "Football",
                "Cricket",
                "Archery"
            ],
            "adventureSports": [
                "Paragliding",
                "Hiking",
                "Mountain Biking"
            ]
        }
    },
    "education": {
        "literacyRate": {
            "overall": "82.2%",
            "male": "87.29%",
            "female": "76.43%"
        },
        "schools": {
            "total": 1157,
            "government": 765,
            "private": 385
        },
        "higherEducationInstitutions": [
            "Sikkim University",
            "National Institute of Technology Sikkim",
            "Sikkim Manipal University"
        ]
    },
    "townsAndCities": [
        "Gangtok",
        "Pakyong",
        "Namchi",
        "Jorethang",
        "Rangpo",
        "Singtam",
        "Gyalshing",
        "Mangan",
        "Soreng",
        "Pelling"
    ],
    "districts": [
        {
            "code": "GD",
            "name": "Gangtok district",
            "headquarters": "Gangtok",
            "population": 281293,
            "area": "954 km²",
            "density": "257 per km²"
        },
        {
            "code": "MD",
            "name": "Mangan district",
            "headquarters": "Mangan",
            "population": 43354,
            "area": "4226 km²",
            "density": "10 per km²"
        },
        {
            "code": "ND",
            "name": "Namchi district",
            "headquarters": "Namchi",
            "population": 146742,
            "area": "750 km²",
            "density": "175 per km²"
        },
        {
            "code": "GD",
            "name": "Gyalshing district",
            "headquarters": "Geyzing",
            "population": 136299,
            "area": "1166 km²",
            "density": "106 per km²"
        },
        {
            "code": "PD",
            "name": "Pakyong District",
            "headquarters": "Pakyong",
            "population": 74583,
            "area": "404 km²",
            "density": "180 per km²"
        },
        {
            "code": "SD",
            "name": "Soreng District",
            "headquarters": "Soreng",
            "population": "N/A",
            "area": "N/A",
            "density": "N/A"
        }
    ]
}
