{
    "state": "Rajasthan",
    "overview": {
        "area": "342,239 km²",
        "population": {
            "estimated": "68 million",
            "vegetarianPercentage": "74.9%"
        },
        "capital": "Jaipur"
    },
    "culture": {
        "music": {
            "description": "Rajasthani folk music is integral to the state's cultural identity.",
            "instruments": [
                {
                    "name": "Sarangi",
                    "description": "A bowed string instrument known for its deep sound."
                },
                {
                    "name": "Dholak",
                    "description": "A two-headed drum staple in Rajasthani folk music."
                },
                {
                    "name": "Algoza",
                    "description": "A double-flute instrument played simultaneously."
                }
            ],
            "communities": [
                "Manganiyars",
                "Langas"
            ]
        },
        "dance": {
            "traditionalDances": [
                {
                    "name": "Ghoomar",
                    "description": "A traditional dance performed by women, characterized by graceful movements."
                },
                {
                    "name": "Kalbeliya",
                    "description": "An energetic dance performed by the Kalbeliya community."
                },
                {
                    "name": "Bhavai",
                    "description": "A dance involving balancing pots on the head."
                },
                {
                    "name": "Chari",
                    "description": "Women balance brass pots with lit lamps on their heads."
                }
            ]
        },
        "art": {
            "description": "Rajasthan is known for its rich artistic traditions.",
            "notableArtForms": [
                "Pattachitra",
                "Miniature paintings",
                "Murals"
            ]
        },
        "cuisine": {
            "description": "Rajasthani cuisine is influenced by the arid climate and agricultural lifestyle.",
            "signatureDishes": [
                "Dal Baati Churma",
                "Ker Sangri",
                "Gatte ki Sabzi"
            ]
        },
        "socialLife": {
            "description": "Rajasthan is home to various tribes and communities.",
            "tribes": [
                "Bhils",
                "Meenas",
                "Gonds"
            ]
        },
        "religion": {
            "majorReligions": {
                "Hinduism": "90.63%",
                "Islam": "7.10%",
                "Sikhism": "1.27%",
                "Jainism": "1%"
            },
            "syncretism": {
                "description": "Rajasthan has a rich tradition of religious syncretism.",
                "notableFigures": [
                    "Saint Baba Ramdevji",
                    "Saint Dadu Dayal"
                ]
            }
        },
        "festivals": {
            "majorFestivals": [
                {
                    "name": "Diwali",
                    "description": "Festival of lights celebrated by Hindus."
                },
                {
                    "name": "Holi",
                    "description": "Festival of colors celebrated in spring."
                },
                {
                    "name": "Gangaur",
                    "description": "Celebrated by women for marital bliss."
                },
                {
                    "name": "Desert Festival",
                    "description": "Celebrated in Jaisalmer with folk performances and camel shows."
                }
            ]
        }
    },
    "architecture": {
        "description": "Rajasthan is famous for its forts, palaces, and temples.",
        "notableStructures": [
            "Amer Fort",
            "Hawa Mahal",
            "Jaisalmer Fort"
        ]
    }
}
