{
    "state": "Karnataka",
    "culture": {
        "languages": {
            "official": "Hindi",
            "regionalLanguages": [
                "Kannada",
                "Tulu",
                "Khortha",
                "Nagpuri",
                "Kudmali",
                "Bhojpuri",
                "Angika",
                "Bengali",
                "Odia"
            ],
            "tribalLanguages": [
                "Mundari",
                "Santali",
                "Bhumij",
                "Ho",
                "Kurukh",
                "Malto"
            ]
        },
        "music": {
            "description": "Karnataka is known for its rich musical heritage.",
            "carnaticMusic": {
                "description": "Prominent composers include Purandaradasa, Kanakadasa, and others.",
                "notableComposers": [
                    "Purandaradasa",
                    "Tyagaraja",
                    "Vijaya Dasa",
                    "Gopaladasa"
                ]
            },
            "hindustaniMusic": {
                "description": "Karnataka has a strong presence in Hindustani music.",
                "notableMusicians": [
                    "Gangubai Hangal",
                    "Puttaraj Gawai",
                    "Pt. Bhimsen Joshi",
                    "Pt. Mallikarjun Mansur"
                ]
            },
            "folkMusic": {
                "description": "Folk music is popular with many recorded songs.",
                "notableSingers": [
                    "B. K. Sumitra",
                    "Bangalore Latha",
                    "B. R. Chaya"
                ],
                "popularSongs": [
                    "Bhagyada Balegara",
                    "Nimbiya Banada",
                    "Ghallu Ghallenuta"
                ]
            }
        },
        "dance": {
            "description": "Dance forms reflect the cultural identity of Karnataka.",
            "popularForms": [
                {
                    "name": "Yakshagana",
                    "description": "A dance drama that combines folk and classical traditions."
                },
                {
                    "name": "Pilivesha",
                    "description": "A street and temple dance form where dancers paint their bodies like tigers."
                },
                {
                    "name": "Dollu Kunitha",
                    "description": "A popular dance form in Karnataka."
                }
            ]
        },
        "painting": {
            "description": "Influenced by the Bengal Renaissance and Ravi Varma school.",
            "notablePatrons": [
                "King Krishnaraja Wadiyar III",
                "King Krishna Raja Wadiyar IV"
            ],
            "artInstitutions": [
                "Chamarajendra Academy of Visual Arts",
                "Jaganmohan Art Gallery",
                "Venkatappa Art Gallery",
                "Chitrakala Parishat"
            ]
        },
        "sculpture": {
            "description": "Utsav Rock Garden features sculptures depicting rural life."
        }
    }
}
