{
    "state": "Manipur",
    "culture": {
        "artAndCulture": {
            "theatre": {
                "description": "Secular theatre includes Shumang lila and Phampak lila.",
                "shumangLila": {
                    "description": "Performed in open spaces, it is a theatre of the masses."
                },
                "phampakLila": {
                    "description": "Stage drama performed in proscenium theatres."
                },
                "theatreGroups": [
                    "Manipur Dramatic Union",
                    "Arian Theatre",
                    "Chitrangada Natya Mandir",
                    "Chorus Repertory Theatre"
                ]
            },
            "dance": {
                "description": "Manipuri dance is one of the eight classical dances of India.",
                "styles": [
                    "Ras Lila",
                    "Thang Ta"
                ]
            },
            "music": {
                "description": "Pena is an ancient musical instrument popular among the Meitei people."
            }
        },
        "sports": {
            "description": "Manipur has a rich tradition of sports.",
            "popularSports": [
                "Polo",
                "Mukna",
                "Yubi Lakpi"
            ]
        },
        "festivals": {
            "majorFestivals": [
                {
                    "name": "Lui-ngai-ni",
                    "description": "A festival celebrated by the Naga tribes."
                },
                {
                    "name": "Ningol Chakouba",
                    "description": "A social festival where married women are invited to a feast."
                },
                {
                    "name": "Sangai Festival",
                    "description": "An annual cultural festival showcasing arts and culture."
                },
                {
                    "name": "Yaosang",
                    "description": "The regional name for Holi, celebrated in February or March."
                },
                {
                    "name": "Cheiraoba",
                    "description": "The new year celebration in spring."
                }
            ]
        },
        "demographics": {
            "population": {
                "total": 2855794,
                "male": 1438586,
                "female": 1417208,
                "rural": 1736236,
                "urban": 834154,
                "literacyRate": "85.4%"
            },
            "ethnicGroups": {
                "Meitei": "53.3%",
                "Naga": "20%",
                "Kuki": "16%"
            },
            "languages": {
                "official": "Meitei (Manipuri)",
                "otherLanguages": [
                    "Thadou",
                    "Tangkhul",
                    "Poula",
                    "Kabui",
                    "Mao"
                ]
            }
        },
        "geography": {
            "area": "22,327 km²",
            "capital": "Imphal",
            "majorRivers": [
                "Barak River",
                "Manipur River"
            ],
            "climate": {
                "description": "Amiable climate with chilly winters.",
                "averageRainfall": "1,467.5 mm"
            }
        },
        "flora": {
            "description": "Natural vegetation covers about 77.2% of the state.",
            "forestTypes": [
                "Tropical Wet Evergreen Forest",
                "Tropical Moist Deciduous Forest",
                "Sub-Tropical Pine Forest"
            ]
        },
        "notableFeatures": {
            "loktakLake": {
                "description": "The largest freshwater lake in Northeast India.",
                "features": "Floating islands and unique ecosystem."
            },
            "sangaiDeer": {
                "description": "The state animal found in Keibul Lamjao National Park."
            }
        }
    }
}
