{
    "state": "Punjab",
    "overview": {
        "nameMeaning": "Punjab means 'Land of Five Rivers'.",
        "historicalSignificance": "Home to ancient civilizations and a major agricultural region."
    },
    "culture": {
        "music": {
            "description": "Folk Punjabi Bhangra is a popular musical art form.",
            "modernInfluences": "20th-century music influenced by Western genres."
        },
        "dance": {
            "traditionalDances": [
                {
                    "name": "Bhangra",
                    "description": "A dance performed during the harvest season."
                },
                {
                    "name": "Gidda",
                    "description": "A traditional dance performed by women."
                }
            ]
        },
        "art": {
            "pattachitra": {
                "description": "Traditional painting based on Hindu mythology.",
                "technique": "Natural colors and traditional methods."
            },
            "murals": {
                "description": "Wall paintings depicting religious and secular themes."
            }
        },
        "religion": {
            "majorReligions": {
                "Hinduism": "Predominant religion.",
                "Sikhism": "Significant presence.",
                "Islam": "Minority religion."
            }
        },
        "literature": {
            "description": "Rich literary tradition with contributions from various poets.",
            "notableFigures": [
                "Baba Farid",
                "Waris Shah",
                "Bulleh Shah"
            ]
        },
        "cuisine": {
            "description": "Heavily influenced by agriculture.",
            "popularDishes": [
                "Tandoori Chicken",
                "Basmati Rice"
            ]
        },
        "clothing": {
            "traditionalAttire": {
                "men": [
                    "Dhoti",
                    "Kurta",
                    "Dastar"
                ],
                "women": [
                    "Salwar Kameez",
                    "Dupatta"
                ]
            }
        },
        "festivals": {
            "majorFestivals": [
                {
                    "name": "Baisakhi",
                    "description": "Harvest festival celebrated by Punjabis."
                },
                {
                    "name": "Lohri",
                    "description": "Celebrated to mark the end of winter."
                },
                {
                    "name": "Vaisakhi",
                    "description": "Significant festival for Sikhs."
                }
            ]
        },
        "preservationEfforts": {
            "description": "Initiatives to preserve Punjabi culture.",
            "notableInitiative": {
                "name": "Panjab Digital Library",
                "description": "Digitizes and preserves historical manuscripts and materials."
            }
        }
    }
}
