{
    "state": "Tamil Nadu",
    "overview": {
        "area": "130,058 km²",
        "population": {
            "estimated": "77 million",
            "density": "592 per km²"
        },
        "capital": "Chennai",
        "borders": {
            "north": "Andhra Pradesh",
            "west": "Karnataka",
            "south": "Kerala",
            "east": "Bay of Bengal"
        },
        "highestPeak": "Kangchenjunga"
    },
    "history": {
        "description": "Tamil Nadu has a rich cultural history dating back over 5,500 years, with influences from various dynasties.",
        "events": [
            {
                "year": 1969,
                "event": "The state was renamed Tamil Nadu, meaning 'Tamil Country'."
            }
        ]
    },
    "culture": {
        "languages": {
            "official": [
                "Tamil",
                "English"
            ],
            "otherLanguages": [
                "Telugu",
                "Kannada",
                "Urdu",
                "Malayalam"
            ]
        },
        "religion": {
            "majorReligions": {
                "Hinduism": "87.6%",
                "Christianity": "6.1%",
                "Islam": "5.86%"
            }
        },
        "festivals": {
            "majorFestivals": [
                {
                    "name": "Pongal",
                    "description": "A multi-day harvest festival dedicated to the Sun God."
                },
                {
                    "name": "Puthandu",
                    "description": "Tamil New Year celebrated in April."
                },
                {
                    "name": "Karthikai Deepam",
                    "description": "Festival of lights observed on the full moon day of Kartika month."
                }
            ]
        },
        "cuisine": {
            "description": "Tamil cuisine is known for its rich flavors and variety.",
            "popularDishes": [
                "Idli",
                "Dosa",
                "Sambar",
                "Rasam"
            ]
        },
        "arts": {
            "description": "Tamil Nadu is a major center for music, art, and dance.",
            "notableArtForms": [
                "Bharatanatyam",
                "Koothu",
                "Carnatic music"
            ]
        }
    },
    "economy": {
        "description": "Tamil Nadu has a diverse economy with a strong industrial base.",
        "gdp": {
            "total": "₹27.22 trillion (US$320 billion)",
            "perCapita": "₹315,220 (US$3,700)"
        },
        "sectors": [
            "Agriculture",
            "Manufacturing",
            "Tourism"
        ]
    },
    "education": {
        "literacyRate": {
            "overall": "82.2%",
            "male": "87.29%",
            "female": "76.43%"
        },
        "schools": {
            "total": 1157,
            "government": 765,
            "private": 385
        },
        "higherEducationInstitutions": [
            "Anna University",
            "Tamil Nadu Agricultural University",
            "SASTRA University"
        ]
    },
    "townsAndCities": [
        "Chennai",
        "Coimbatore",
        "Madurai",
        "Tiruchirappalli",
        "Salem",
        "Erode"
    ],
    "districts": [
        {
            "name": "Chennai",
            "population": 4646732,
            "area": "426 km²"
        },
        {
            "name": "Coimbatore",
            "population": 3400000,
            "area": "105 km²"
        },
        {
            "name": "Madurai",
            "population": 1000000,
            "area": "148 km²"
        },
        {
            "name": "Tiruchirappalli",
            "population": 847387,
            "area": "167 km²"
        },
        {
            "name": "Salem",
            "population": 840000,
            "area": "124 km²"
        }
    ]
}
