{
    "state": "Meghalaya",
    "culture": {
        "tribes": [
            {
                "name": "Khasis",
                "description": "One of the main tribes in Meghalaya with its own culture, traditions, dress, and language."
            },
            {
                "name": "Garos",
                "description": "Another major tribe known for its unique cultural practices."
            },
            {
                "name": "Jaintias",
                "description": "A tribe with distinct traditions and customs."
            }
        ],
        "socialInstitutions": {
            "matrilinealSystem": {
                "description": "Majority of the population follows a matrilineal system where lineage and inheritance are traced through women.",
                "inheritance": "The youngest daughter inherits all property."
            },
            "civilSociety": {
                "description": "Comprises various NGOs and community organizations.",
                "numberOfNGOs": 181,
                "studentOrganizations": [
                    "Khasi Students' Union (KSU)",
                    "Jaintia Students' Union (JSU)",
                    "Garo Students' Union (GSU)"
                ]
            }
        },
        "traditionalPoliticalInstitutions": {
            "Khasis": {
                "description": "Each clan has a council known as Dorbar Kur.",
                "villageAssembly": "Dorbar Shnong"
            },
            "Jaintias": {
                "description": "Similar three-tier political system with Raids and Syiem."
            },
            "Garos": {
                "description": "Villages form the A·king, supervised by Nokmas."
            }
        },
        "festivals": {
            "majorFestivals": [
                {
                    "name": "Christmas",
                    "description": "Celebrated with great fervor by the Christian majority."
                },
                {
                    "name": "Ka Shad Suk Mynsiem",
                    "description": "A dance festival central to Khasi culture."
                },
                {
                    "name": "Wangala",
                    "description": "A festival celebrated by the Garos."
                },
                {
                    "name": "Ningol Chakouba",
                    "description": "A social festival where married women are invited to a feast."
                }
            ]
        },
        "languages": {
            "official": "English",
            "majorLanguages": [
                {
                    "name": "Khasi",
                    "percentage": "33.82%"
                },
                {
                    "name": "Garo",
                    "percentage": "31.60%"
                },
                {
                    "name": "Pnar",
                    "percentage": "10.69%"
                }
            ]
        },
        "religion": {
            "majorReligions": {
                "Christianity": "74.59%",
                "Hinduism": "11.52%",
                "Tribal religions": "8.7%",
                "Islam": "4.39%"
            },
            "indigenousFaiths": [
                "Niamtre",
                "Niam Khasi",
                "Niam Tynrai"
            ]
        },
        "notableFeatures": {
            "livingRootBridges": {
                "description": "Functional living architecture created by training the roots of rubber trees."
            },
            "education": {
                "description": "Literacy rate increased from 62.56% in 2001 to 75.5% in 2011.",
                "notableInstitutions": [
                    "Indian Institute of Management Shillong",
                    "University of Technology and Management"
                ]
            }
        }
    },
    "geography": {
        "area": "22,429 km²",
        "capital": "Shillong",
        "majorLandmarks": [
            "Loktak Lake",
            "Nongriat Living Root Bridge"
        ]
    }
}
