{
    "state": "Mizoram",
    "overview": {
        "capital": "Aizawl",
        "area": "21,081 km²",
        "population": {
            "estimated": 1.26 million,
            "urbanizationRate": "51.5%"
        },
        "borders": {
            "international": {
                "Bangladesh": "722 km",
                "Myanmar": "722 km"
            },
            "domestic": [
                "Assam",
                "Manipur",
                "Tripura"
            ]
        },
        "forestCoverage": "84.53%"
    },
    "culture": {
        "tribes": [
            {
                "name": "Mizo",
                "description": "The majority ethnic group in Mizoram."
            },
            {
                "name": "Chakma",
                "percentage": "8.5%"
            },
            {
                "name": "Tripuri",
                "percentage": "3%"
            }
        ],
        "socialInstitutions": {
            "matrilinealSystem": {
                "description": "Lineage and inheritance are traced through women.",
                "inheritance": "The youngest daughter inherits all property."
            },
            "civilSociety": {
                "description": "Includes various NGOs and community organizations.",
                "numberOfNGOs": 181
            }
        },
        "festivals": {
            "majorFestivals": [
                {
                    "name": "Chapchar Kut",
                    "description": "Spring festival celebrated before jhum cultivation."
                },
                {
                    "name": "Thalfavang Kut",
                    "description": "Celebrates the completion of weeding of jhum fields."
                },
                {
                    "name": "Christmas",
                    "description": "Celebrated with great fervor by the Christian majority."
                }
            ]
        },
        "languages": {
            "official": [
                "Mizo",
                "English"
            ],
            "majorLanguages": [
                {
                    "name": "Mizo",
                    "percentage": "73.13%"
                },
                {
                    "name": "Chakma",
                    "percentage": "8.51%"
                },
                {
                    "name": "Mara",
                    "percentage": "3.84%"
                }
            ]
        },
        "religion": {
            "majorReligions": {
                "Christianity": "87.16%",
                "Buddhism": "8.51%",
                "Hinduism": "2.75%",
                "Islam": "1.35%"
            }
        },
        "education": {
            "literacyRate": "92%",
            "schools": {
                "total": 3894,
                "public": "42%",
                "private": "28%"
            },
            "notableInstitutions": [
                "Mizoram University",
                "National Institute of Technology Mizoram"
            ]
        },
        "performingArts": {
            "traditionalDances": [
                "Cheraw",
                "Khual Lam",
                "Chheih Lam",
                "Chai Lam"
            ]
        }
    },
    "geography": {
        "landscape": {
            "description": "Hilly terrain with rich flora and fauna.",
            "notableFeatures": [
                "Loktak Lake",
                "Living Root Bridges"
            ]
        },
        "climate": {
            "description": "Pleasant climate with significant rainfall."
        }
    },
    "economy": {
        "description": "Agrarian economy with a focus on horticulture and bamboo products.",
        "GDP": "₹36,089 crore (US$4.3 billion)",
        "povertyRate": "20%"
    },
    "tourism": {
        "description": "Mizoram is a bird watcher's destination with rich biodiversity.",
        "attractions": [
            "Kawpi Waterfall",
            "Mrs. Hume's Pheasant"
        ]
    }
}
