{
    "state": "Himachal Pradesh",
    "culture": {
        "engagementCeremony": {
            "name": "Gol Dhana",
            "description": "A tradition during which jaggery and coriander seeds are eaten to celebrate a couple's engagement.",
            "symbolism": "Represents auspicious beginnings."
        },
        "weddingCeremony": {
            "description": "Marriage is a sacred lifelong commitment that unites two souls.",
            "parts": [
                {
                    "name": "Varghodo",
                    "description": "The wedding procession from the groom's house to the bride's house."
                },
                {
                    "name": "Swagatam",
                    "description": "Welcoming the groom and his family at the mandir."
                },
                {
                    "name": "Ganesh Puja",
                    "description": "Worship of Lord Ganesha to remove obstacles."
                },
                {
                    "name": "Madhuparka",
                    "description": "Washing the groom's feet and offering panchamrut."
                },
                {
                    "name": "Kanyadaan",
                    "description": "Giving away of the daughter by her father."
                },
                {
                    "name": "Vivaaha",
                    "description": "The sacred union of the bride and groom."
                },
                {
                    "name": "Mangal Phera",
                    "description": "Circumambulation of the sacred fire."
                },
                {
                    "name": "Saptapadi",
                    "description": "Taking seven steps together and making promises."
                },
                {
                    "name": "Mangal Sutra",
                    "description": "Tying the sacred thread around the bride's neck."
                },
                {
                    "name": "Suhaag",
                    "description": "Placing sindoor on the bride's hair."
                },
                {
                    "name": "Aashirvaad",
                    "description": "Blessings from the groom's parents."
                }
            ]
        },
        "musicAndDance": {
            "description": "Local music and dance reflect the cultural identity of the state.",
            "danceForms": [
                "Losar Shona Chuksam",
                "Dangi",
                "Gee Dance",
                "Burah Dance",
                "Naati",
                "Kharait",
                "Ujagjama",
                "Chadhgebrikar",
                "Shunto"
            ]
        },
        "fairsAndFestivals": {
            "description": "Numerous fairs and festivals are celebrated in Himachal Pradesh.",
            "notableFestivals": [
                "Kullu Dussehra",
                "Shivratri Fair",
                "Shoolini Mela",
                "Minjar Fair",
                "Mani Mahesh Chhari Yatra",
                "Renuka Fair",
                "Lavi Trade Fair",
                "Vrajeshwari Fair",
                "Jwalamukhi Fair",
                "Holi Fair",
                "Naina Devi Fair",
                "Fulaich",
                "Ladarcha"
            ]
        },
        "food": {
            "description": "The day-to-day food of Himachalis is similar to the rest of North India.",
            "notableDishes": [
                "Manee",
                "Madeera",
                "Pateer",
                "Chouck",
                "Bhagjery",
                "Chutney of til"
            ]
        },
        "demographics": {
            "religion": {
                "Hindu": "96%",
                "Muslim": "2%",
                "Christian": "1.92%",
                "Buddhism": "0.28%",
                "Sikhism": "0.27%",
                "Jainism": "0.24%",
                "Other": "1.94%"
            },
            "languages": {
                "official": "Hindi",
                "otherLanguages": [
                    "Pahari languages",
                    "Gaddi",
                    "Kinnauri",
                    "Gujjar"
                ]
            }
        }
    }
}
